title,company,location,experience,skills
Web Developer / Senior Web Developer,Ecumenical Techno Consultancy Services ( eTCS ),Aurangabad,3 - 6 Years,bootstrap | html5 | jquery | security | wordpress
Web Developer,data infovision pvt ltd,Gurgaon,0 - 3 Years,database | drupal | joomla | player | team | wordpress
Web Developer,LAKSH HUMAN RESOURCE,Hyderabad/Secunderabad,5 - 8 Years,css | developer | jquery | postgresql | symfony | web
Web Developer,89ITWORLD SOFTWARE SOLUTIONS ( OPC ) PRIVATE LIMITED,Dehradun,0 - 2 Years,cake | css | developer | html | html5 | php | web
Web Developer,Raga Designers,Chennai,1 - 2 Years,authoring | css | javascript | player | sql | team
Web Developer,INFINITY GROUP,"Delhi, Delhi/NCR",0 - 3 Years,css | database | html5 | jquery | wordpress
Web Developer,Procol,Gurgaon,3 - 6 Years,css | development | html | javascript | wordpress
Web Developer,Tech India Infotech,Delhi,1 - 3 Years,cake | css | developer | javascript | jquery | web
Web developer,unicloudtech,Udaipur,1 - 4 Years,css | html5 | javascript | joomla | wordpress
Web Developer,JOBNATH HR SERVICES,"Bengaluru / Bangalore, Mahabubnagar, Cuddapah, Karimnagar, Adilabad",0 - 3 Years,css | html | mobile | mysql | sas
Web Developer,Shape Creation Technologies,Ghaziabad,2 - 4 Years,ajax | bug | css | fixing | html5 | wordpress
Web Developer,Postbox Communications,Mumbai,2 - 5 Years,ajax | css | developer | html5 | javascript | wordpress
Web Developer,NIELSEN,Bengaluru / Bangalore,3 - 7 Years,development | expertise | javascript | php | proficiency | wordpress
Web Developer,SEVEN CONSULTANCY,"Navi Mumbai, Mumbai",1 - 4 Years,css | developer | development | web | wordpress
Web Developer,Pure Natural Products Ltd,Delhi,5 - 7 Years,architecture | css | javascript | jquery | system
Web Developer,Web Solution Centre,Delhi,2 - 5 Years,development | ecommerce | joomla | mysql | php
Web Developer,Coorgle Consultancy Services,Mysoru / Mysore,1 - 4 Years,bootstrap | developer | html5 | laravel | php | symfony
Web Developer,manabh software,Pune,0 - 4 Years,access | ajax | c# | css | entity | framework | ms
Web Developer,syspree solutions,"Mumbai, Thane",2 - 5 Years,application | development | expertise | languages | programming | web
Web Developer,TECHNIKOLOGY,Kolkata,0 - 3 Years,javascript | laravel | player | react.js | team
Web Developer,SEVEN CONSULTANCY,"Navi Mumbai, Mumbai, Thane",1 - 5 Years,css | developer | html | wordpress
Web Developer,FINITE HR CONSUTING PVT LTD,Chennai,5 - 8 Years,ajax | css | jquery | jsp | uml | xml
Web Developer,CONNECTING 2 WORK,Bengaluru / Bangalore,10 - 13 Years,development | html | javascript | js | vue | web
Web Developer,networld infotech,Rajkot,0 - 3 Years,css | development | html | mobile | website
Web Developer,setu net pvt. ltd,Valsad -Vapi,3 - 6 Years,ajax | applications | based | bootstrap | css | web
